NumEntrada;Matricula;Lugar;AnoE;MesE;DiaE;HoraE;MinE;AnoS;MesS;DiaS;HoraS;MinS;ValorPago
1;26-VV-65;3V15;2025;1;3;12;17;2025;1;3;16;46;2.69
2;47-IE-85;2X17;2025;9;9;12;1;2025;9;9;12;13;0.12
3;78-IY-28;1J26;2025;10;1;18;42;2025;10;1;22;55;2.26
4;30-ZC-69;3I1;2025;12;15;16;34;2025;12;15;21;49;3.15
5;26-MI-22;3A8;2025;5;23;18;34;2025;5;23;19;49;0.75
6;41-IC-89;2E1;2025;10;9;9;12;2025;10;9;9;18;0.06
7;78-LN-49;3P23;2025;4;1;21;42;2025;4;2;2;6;10.41
8;71-HA-44;2G36;2025;7;2;14;13;2025;7;2;18;19;2.46
9;89-UT-22;3E28;2025;12;8;17;18;2025;12;8;18;18;0.60
10;80-XI-19;2G13;2025;9;27;16;47;2025;9;27;16;58;0.11
11;80-GX-39;3A36;2025;8;14;19;55;2025;8;14;20;8;0.13
12;34-PL-93;3L33;2025;12;9;11;21;2025;12;9;16;31;3.10
13;63-PH-24;1D35;2025;12;2;16;5;2025;12;2;17;22;0.77
14;52-EJ-63;2Q34;2025;1;26;13;55;2025;1;26;16;13;1.38
15;49-ZC-12;3N18;2025;2;28;18;59;2025;2;28;20;9;0.70
16;12-KA-72;1C20;2025;6;23;21;33;2025;6;24;1;52;10.43
17;52-DM-60;2Z1;2025;10;2;14;2;2025;10;2;15;15;0.73
18;61-YS-69;2D18;2025;8;26;18;58;2025;8;26;20;11;0.73
19;59-OY-82;2O14;2025;12;12;20;6;2025;12;13;0;26;10.87
20;63-WF-22;1X28;2025;10;15;13;14;2025;10;15;14;14;0.60
21;96-TI-87;1A40;2025;9;20;20;17;2025;9;20;20;37;0.20
22;24-JP-29;1G3;2025;3;18;9;6;2025;3;18;12;11;1.85
23;71-YJ-11;3T27;2025;3;16;10;47;2025;3;16;11;48;0.61
24;77-UK-89;2K17;2025;2;14;9;55;2025;2;14;11;4;0.69
25;83-MK-69;2R11;2025;11;23;23;34;2025;11;24;0;51;9.39
26;55-TV-34;2F36;2025;5;29;11;10;2025;5;29;15;32;2.62
27;90-GK-42;3I5;2025;8;13;14;32;2025;8;13;19;43;3.11
28;18-GF-31;3L40;2025;5;3;22;46;2025;5;4;2;16;10.05
29;49-ZO-15;2J39;2025;3;22;14;0;2025;3;22;14;7;0.07
30;80-DQ-81;2G23;2025;9;7;17;35;2025;9;7;18;44;0.69
31;29-YI-27;1I27;2025;5;7;22;29;2025;5;8;0;47;9.69
32;41-GP-88;3L14;2025;1;28;9;18;2025;1;28;10;19;0.61
33;81-UK-84;1U30;2025;4;10;10;48;2025;4;10;12;58;1.30
34;69-OX-33;2R15;2025;5;22;20;51;2025;5;23;1;7;10.63
35;49-LU-35;1M10;2025;6;19;14;31;2025;6;19;15;59;0.88
36;48-CG-61;3T16;2025;7;25;16;20;2025;7;25;17;26;0.66
37;22-HE-53;1X40;2025;5;27;16;4;2025;5;27;18;25;1.41
38;32-EU-98;1G20;2025;1;22;22;40;2025;1;23;2;1;10.01
39;31-NL-86;3F21;2025;2;10;9;8;2025;2;10;10;35;0.87
40;97-AH-49;1M21;2025;4;2;9;32;2025;4;2;9;57;0.25
41;53-OQ-65;2Q33;2025;6;4;13;13;2025;6;4;18;20;3.07
42;46-LT-13;2D9;2025;2;22;22;58;2025;2;23;0;6;9.34
43;31-VN-56;1W3;2025;9;25;17;54;2025;9;25;22;15;2.53
44;79-YU-78;3W8;2025;4;5;20;15;2025;4;6;1;19;11.05
45;37-KT-50;3B39;2025;5;22;23;52;2025;5;23;0;15;9.12
46;20-TY-20;2R8;2025;12;11;9;47;2025;12;11;10;51;0.64
47;56-EK-25;2C29;2025;4;9;9;50;2025;4;9;10;56;0.66
48;18-HW-77;1X36;2025;10;24;14;52;2025;10;24;19;53;3.01
49;14-FN-44;2N17;2025;1;4;18;31;2025;1;4;22;32;2.25
50;25-GJ-94;2T16;2025;10;7;15;31;2025;10;7;18;39;1.88
51;20-NR-61;3V2;2025;3;23;13;0;2025;3;23;16;0;1.80
52;69-VK-78;2P2;2025;6;17;19;54;2025;6;17;22;1;1.26
53;28-CE-73;2N4;2025;11;1;21;9;2025;11;1;23;15;0.88
54;75-CH-76;1M40;2025;12;9;15;16;2025;12;9;16;39;0.83
55;82-UD-43;1E34;2025;9;26;12;21;2025;9;26;16;51;2.70
56;11-BR-13;1Q24;2025;1;24;8;30;2025;1;24;10;38;1.28
57;51-JJ-93;2Q7;2025;1;11;12;42;2025;1;11;13;54;0.72
58;89-RY-62;1R14;2025;9;29;17;57;2025;9;29;21;24;2.07
59;55-EU-33;2S28;2025;6;25;13;8;2025;6;25;16;21;1.93
60;23-IY-12;2P12;2025;12;10;15;13;2025;12;10;16;33;0.80
61;49-KV-12;3T39;2025;7;4;14;21;2025;7;4;17;33;1.92
62;40-EE-14;1J35;2025;9;7;22;12;2025;9;8;1;37;10.03
63;90-UR-63;2K18;2025;4;2;9;17;2025;4;2;10;28;0.71
64;30-SY-55;2E23;2025;12;28;21;38;2025;12;29;1;5;10.15
65;35-NF-34;2L14;2025;6;28;17;19;2025;6;28;18;30;0.71
66;70-LU-88;1M20;2025;2;19;21;1;2025;2;20;0;11;10.25
67;76-OL-28;2Y35;2025;10;15;18;30;2025;10;15;19;56;0.86
68;77-VM-25;2S32;2025;5;3;23;47;2025;5;4;0;55;9.34
69;59-FT-44;2Y19;2025;10;13;14;49;2025;10;13;15;6;0.17
70;97-RU-83;2U37;2025;4;17;22;18;2025;4;18;2;47;10.35
71;12-TT-19;1J18;2025;9;19;12;14;2025;9;19;13;38;0.84
72;91-ES-87;3N33;2025;5;20;21;56;2025;5;21;0;18;9.73
73;74-OI-54;1Z28;2025;5;19;18;10;2025;5;19;19;24;0.74
74;89-TR-95;1D35;2025;10;10;11;4;2025;10;10;14;20;1.96
75;62-CY-61;1O17;2025;1;24;23;3;2025;1;25;2;32;10.05
76;81-IB-44;3R11;2025;2;7;19;18;2025;2;7;22;45;1.84
77;81-GT-94;3G9;2025;11;7;11;12;2025;11;7;13;12;1.20
78;43-GJ-31;2V16;2025;12;16;19;32;2025;12;16;21;46;1.34
79;56-OA-50;3C3;2025;9;7;15;51;2025;9;7;17;54;1.23
80;98-NY-85;3B3;2025;5;14;20;29;2025;5;14;22;52;1.17
81;60-DB-30;3L16;2025;6;14;15;8;2025;6;14;19;28;2.60
82;27-PK-63;2T11;2025;7;1;19;30;2025;7;1;21;36;1.26
83;89-LY-55;1N12;2025;3;20;21;42;2025;3;21;2;47;10.62
84;44-JK-49;3D38;2025;9;2;15;44;2025;9;2;16;4;0.20
85;78-GC-77;2S7;2025;8;11;16;29;2025;8;11;18;57;1.48
86;61-MZ-13;2I14;2025;6;4;15;44;2025;6;4;16;59;0.75
87;22-UM-41;3P3;2025;8;9;23;30;2025;8;10;3;44;10.27
88;40-YZ-17;2J38;2025;5;26;13;37;2025;5;26;14;40;0.63
89;68-EU-98;2O20;2025;4;26;13;53;2025;4;26;18;59;3.06
90;82-KG-44;3J36;2025;5;23;14;59;2025;5;23;15;4;0.05
91;81-AI-61;1F40;2025;7;7;9;15;2025;7;7;12;39;2.04
92;44-AB-30;1R26;2025;6;1;21;44;2025;6;2;0;53;10.03
93;15-OI-77;1M40;2025;12;24;20;20;2025;12;24;23;45;1.52
94;93-ED-89;2K6;2025;4;17;23;11;2025;4;18;2;12;9.91
95;86-YE-90;3G24;2025;2;18;21;1;2025;2;19;0;20;10.29
96;68-AE-24;2K27;2025;3;25;9;27;2025;3;25;14;44;3.17
97;84-VH-15;3A9;2025;7;12;14;0;2025;7;12;16;13;1.33
98;67-BN-83;3V4;2025;5;12;15;56;2025;5;12;20;9;2.53
99;83-AW-28;2N8;2025;3;18;16;8;2025;3;18;18;14;1.26
100;48-MB-59;2M28;2025;6;3;21;57;2025;6;4;1;19;10.03
101;82-YT-25;1X25;2025;6;9;18;55;2025;6;9;21;20;1.45
102;65-YJ-19;3Q6;2025;3;12;10;41;2025;3;12;15;3;2.62
103;58-XX-34;1L1;2025;8;11;19;29;2025;8;11;21;29;1.20
104;88-AR-16;1I15;2025;8;5;8;10;2025;8;5;8;16;0.06
105;95-OY-92;1S39;2025;4;4;19;16;2025;4;5;0;23;11.36
106;91-RT-31;2W16;2025;5;24;12;58;2025;5;24;16;12;1.94
107;55-AD-39;3J24;2025;9;26;21;29;2025;9;27;2;48;10.75
108;77-TE-34;1Q12;2025;6;24;23;30;2025;6;25;3;55;10.33
109;72-RH-27;1A40;2025;1;8;19;19;2025;1;8;21;35;1.36
110;28-DA-47;3F20;2025;11;13;10;29;2025;11;13;12;31;1.22
111;63-CJ-70;1C14;2025;2;17;19;36;2025;2;18;0;6;11.07
112;31-SL-89;1B3;2025;11;21;23;30;2025;11;21;23;50;0.10
113;58-KV-73;1B32;2025;8;18;16;33;2025;8;18;19;35;1.82
114;42-WV-13;2R14;2025;3;4;16;49;2025;3;4;18;0;0.71
115;15-QD-90;3O31;2025;9;19;16;5;2025;9;19;18;33;1.48
116;54-UB-10;1O13;2025;10;14;12;14;2025;10;14;14;23;1.29
117;40-YR-78;2V15;2025;8;9;9;0;2025;8;9;11;14;1.34
118;10-KE-35;3R28;2025;5;28;16;18;2025;5;28;21;33;3.15
119;92-IJ-58;3L27;2025;10;23;18;22;2025;10;23;20;33;1.31
120;93-SG-24;2Y34;2025;5;19;16;35;2025;5;19;20;47;2.52
121;10-JF-27;1N1;2025;11;17;10;26;2025;11;17;14;50;2.64
122;24-IB-83;3I6;2025;6;4;8;26;2025;6;4;12;49;2.63
123;37-ZY-12;3X4;2025;11;22;16;20;2025;11;22;18;37;1.37
124;88-US-58;3P21;2025;12;18;18;30;2025;12;18;20;48;1.38
125;66-DR-82;3C1;2025;6;5;22;5;2025;6;6;2;35;10.35
126;41-KA-21;3S29;2025;4;21;10;9;2025;4;21;11;25;0.76
127;26-XD-52;3P27;2025;5;8;18;50;2025;5;8;19;50;0.60
128;73-UV-55;3W24;2025;2;18;13;3;2025;2;18;13;29;0.26
129;93-QV-12;2U33;2025;4;25;19;4;2025;4;25;20;19;0.75
130;88-TW-97;3M22;2025;4;20;12;23;2025;4;20;12;50;0.27
131;98-WX-28;1Z21;2025;11;10;13;13;2025;11;10;14;29;0.76
132;36-NP-16;2T10;2025;7;19;19;14;2025;7;19;22;21;1.76
133;65-EF-70;3D36;2025;11;5;10;29;2025;11;5;11;37;0.68
134;92-SW-23;2P35;2025;8;8;11;19;2025;8;8;16;27;3.08
135;81-HT-44;2Q30;2025;11;14;17;57;2025;11;14;18;9;0.12
136;80-QG-99;2U10;2025;12;13;12;35;2025;12;13;15;58;2.03
137;96-OZ-91;3B30;2025;4;4;23;43;2025;4;5;1;51;9.64
138;15-RH-55;1M29;2025;12;28;14;55;2025;12;28;18;11;1.96
139;42-HG-52;2J13;2025;3;27;9;45;2025;3;27;14;10;2.65
140;78-SZ-51;1M2;2025;5;15;21;45;2025;5;15;23;2;0.46
141;78-FL-50;1G13;2025;9;25;13;34;2025;9;25;16;52;1.98
142;67-BB-48;2I35;2025;6;14;17;57;2025;6;14;22;27;2.57
143;61-NQ-97;3B15;2025;6;3;17;7;2025;6;3;19;14;1.27
144;44-TM-22;2S3;2025;7;22;18;34;2025;7;22;22;4;2.08
145;28-SK-92;3U15;2025;7;12;20;35;2025;7;12;21;40;0.65
146;11-ND-98;2X37;2025;6;10;9;7;2025;6;10;12;19;1.92
147;62-RN-12;2M15;2025;6;24;14;43;2025;6;24;16;56;1.33
148;39-PH-73;1Y31;2025;7;16;9;15;2025;7;16;12;22;1.87
149;54-VZ-55;2K29;2025;1;10;10;28;2025;1;10;13;31;1.83
150;54-EL-12;1X6;2025;9;1;17;27;2025;9;1;17;34;0.07
151;96-RJ-97;1V19;2025;1;4;20;5;2025;1;4;23;10;1.50
152;94-HS-18;1E17;2025;2;12;21;12;2025;2;12;22;16;0.56
153;55-SC-22;3I21;2025;9;22;8;47;2025;9;22;11;7;1.40
154;95-PN-21;3P9;2025;5;12;14;24;2025;5;12;14;34;0.10
155;34-ID-10;1I12;2025;7;2;22;56;2025;7;3;3;1;10.23
156;61-BN-80;1C13;2025;5;9;21;30;2025;5;10;0;40;10.10
157;85-ZA-28;2Q22;2025;8;21;19;4;2025;8;21;20;12;0.68
158;74-QZ-62;2N37;2025;1;27;18;53;2025;1;27;21;16;1.43
159;52-ZR-88;1H39;2025;6;25;20;2;2025;6;25;22;9;1.22
160;36-RH-69;2R16;2025;11;28;12;52;2025;11;28;14;6;0.74
161;32-WR-74;1J17;2025;7;26;21;5;2025;7;26;22;7;0.58
162;88-CY-90;2V28;2025;3;20;9;16;2025;3;20;12;37;2.01
163;17-AU-88;1I33;2025;12;27;15;59;2025;12;27;20;22;2.63
164;50-DY-22;1G30;2025;1;15;22;35;2025;1;16;2;58;10.32
165;12-BG-49;1Q12;2025;1;6;14;52;2025;1;6;17;22;1.50
166;38-GU-79;2A28;2025;5;5;23;17;2025;5;6;0;33;9.38
167;98-VY-92;3I3;2025;2;28;18;45;2025;2;28;20;57;1.32
168;28-YA-76;1Z38;2025;12;5;22;37;2025;12;6;2;7;10.05
169;54-FO-44;3H34;2025;11;23;12;17;2025;11;23;12;28;0.11
170;17-FF-50;1R15;2025;12;17;11;33;2025;12;17;12;44;0.71
171;25-AQ-50;3W23;2025;12;26;22;16;2025;12;27;1;22;9.93
172;93-VJ-57;2O8;2025;10;12;9;18;2025;10;12;10;46;0.88
173;91-UO-57;2C27;2025;3;20;15;4;2025;3;20;19;14;2.50
174;11-QE-58;3C19;2025;2;21;8;57;2025;2;21;11;7;1.30
175;55-FF-74;2W6;2025;11;22;22;24;2025;11;23;1;33;9.95
176;43-HJ-55;3I13;2025;7;25;17;44;2025;7;25;21;53;2.49
177;41-YW-81;3V35;2025;6;19;9;27;2025;6;19;11;33;1.26
178;24-LC-41;3Y38;2025;7;9;14;48;2025;7;9;16;51;1.23
179;35-WM-71;3U25;2025;12;10;19;12;2025;12;10;23;38;2.17
180;79-LM-34;3H35;2025;5;24;16;28;2025;5;24;19;39;1.91
181;11-PG-24;3B36;2025;5;25;14;34;2025;5;25;19;36;3.02
182;73-LJ-18;3B38;2025;2;1;8;29;2025;2;1;8;54;0.25
183;58-NU-81;3R14;2025;10;9;22;42;2025;10;10;0;58;9.68
184;77-YP-27;3I17;2025;2;8;14;5;2025;2;8;14;27;0.22
185;65-IH-84;1U5;2025;11;4;20;22;2025;11;4;22;25;1.10
186;18-DH-85;2Y18;2025;10;25;16;20;2025;10;25;18;23;1.23
187;50-EB-60;3U34;2025;2;5;23;1;2025;2;5;23;5;0.02
188;74-QD-81;1X29;2025;6;8;16;18;2025;6;8;21;23;3.05
189;27-BI-12;2L23;2025;12;12;14;8;2025;12;12;19;23;3.15
190;70-UF-91;3P29;2025;8;24;13;49;2025;8;24;15;8;0.79
191;35-OA-39;1O3;2025;3;16;16;52;2025;3;16;21;17;2.65
192;20-RJ-46;2C6;2025;2;2;14;41;2025;2;2;14;51;0.10
193;50-XO-90;2Z21;2025;3;9;8;32;2025;3;9;9;47;0.75
194;82-AU-12;2O39;2025;11;7;15;25;2025;11;7;16;51;0.86
195;48-EQ-18;1F2;2025;8;24;23;49;2025;8;25;4;50;10.51
196;16-UR-72;2B19;2025;11;4;8;54;2025;11;4;12;3;1.89
197;71-XY-52;3M29;2025;6;3;20;32;2025;6;3;22;2;0.89
198;24-JA-80;1X27;2025;3;13;19;15;2025;3;13;22;15;1.72
199;30-MT-71;2Z8;2025;6;18;20;35;2025;6;19;0;36;10.63
200;69-QY-67;2C12;2025;3;8;11;26;2025;3;8;12;34;0.68
201;94-JA-17;1H40;2025;2;16;20;14;2025;2;16;21;41;0.87
202;83-BN-84;1U32;2025;9;25;16;52;2025;9;25;20;58;2.46
203;53-ST-48;2S8;2025;2;13;11;0;2025;2;13;15;26;2.66
204;43-XX-70;1P39;2025;5;10;14;42;2025;5;10;16;49;1.27
205;30-AW-32;3V4;2025;3;12;13;15;2025;3;12;16;32;1.97
206;79-NF-98;3A27;2025;7;18;17;51;2025;7;18;22;56;2.77
207;24-AS-98;1K19;2025;5;12;16;55;2025;5;12;19;8;1.33
208;57-SS-91;2V29;2025;3;4;11;8;2025;3;4;11;18;0.10
209;55-BT-70;3B8;2025;2;12;8;9;2025;2;12;13;11;3.02
210;75-LC-90;1C4;2025;9;8;12;39;2025;9;8;16;39;2.40
211;82-XO-49;1Y16;2025;5;26;11;54;2025;5;26;14;16;1.42
212;10-RJ-14;1A34;2025;2;15;20;14;2025;2;16;0;29;10.81
213;41-QB-91;3N19;2025;10;22;20;50;2025;10;23;1;58;10.89
214;79-HY-43;1E6;2025;8;21;23;35;2025;8;22;4;57;10.61
215;70-IW-51;1M19;2025;6;10;12;6;2025;6;10;14;6;1.20
216;89-IR-70;3N33;2025;2;21;21;42;2025;2;22;0;3;9.80
217;86-VT-35;1J29;2025;10;12;15;23;2025;10;12;19;51;2.68
218;73-OY-15;3M14;2025;10;10;8;49;2025;10;10;8;54;0.05
219;95-MW-81;3K32;2025;1;2;16;41;2025;1;2;16;53;0.12
220;88-SN-85;2B34;2025;12;13;10;22;2025;12;13;13;49;2.07
221;14-IZ-84;3G3;2025;2;26;15;34;2025;2;26;15;48;0.14
222;16-ZX-57;1B19;2025;10;25;10;55;2025;10;25;12;7;0.72
223;64-TR-64;2J22;2025;6;26;21;51;2025;6;26;22;13;0.15
224;97-TN-92;1D19;2025;6;17;20;35;2025;6;17;23;49;1.39
225;16-LC-67;3T13;2025;2;3;22;11;2025;2;3;23;14;0.31
226;13-VI-84;1S3;2025;10;15;15;14;2025;10;15;17;37;1.43
227;73-YN-80;1M19;2025;7;27;11;5;2025;7;27;13;30;1.45
228;11-HR-18;2R12;2025;12;16;19;38;2025;12;17;0;7;11.06
229;48-QM-62;1Q3;2025;4;9;23;8;2025;4;9;23;23;0.08
230;83-UG-24;2R23;2025;8;15;20;8;2025;8;15;23;11;1.47
231;89-VR-45;1I33;2025;12;24;14;36;2025;12;24;17;36;1.80
232;57-KZ-77;1S12;2025;8;1;22;35;2025;8;2;3;57;10.61
233;51-UU-96;2G18;2025;8;5;9;51;2025;8;5;11;15;0.84
234;89-PC-90;3T7;2025;8;21;9;56;2025;8;21;14;23;2.67
235;92-MS-69;3N7;2025;11;14;22;48;2025;11;14;23;55;0.33
236;82-VA-22;2M10;2025;3;26;22;43;2025;3;26;23;59;0.38
237;62-KQ-12;1Q25;2025;6;14;17;49;2025;6;14;18;4;0.15
238;16-SX-92;1B28;2025;5;26;14;14;2025;5;26;16;35;1.41
239;28-EF-91;1G34;2025;1;17;9;52;2025;1;17;11;18;0.86
240;84-KB-66;2G29;2025;11;2;11;57;2025;11;2;14;9;1.32
241;63-HS-26;2G38;2025;4;26;18;13;2025;4;26;18;17;0.04
242;17-SW-32;1B6;2025;10;27;11;26;2025;10;27;15;40;2.54
243;20-KG-89;1T36;2025;8;1;14;47;2025;8;1;15;10;0.23
244;38-PO-31;1E17;2025;3;9;23;30;2025;3;10;1;34;9.62
245;65-XA-14;1H39;2025;7;22;8;19;2025;7;22;8;36;0.17
246;29-IG-19;1G7;2025;8;24;9;8;2025;8;24;14;28;3.20
247;10-XG-80;1P28;2025;12;5;12;47;2025;12;5;13;52;0.65
248;20-ZY-62;3R7;2025;10;6;16;40;2025;10;6;21;54;3.14
249;86-AS-91;2K40;2025;9;23;11;39;2025;9;23;13;7;0.88
250;18-MB-25;3B5;2025;6;22;10;33;2025;6;22;10;38;0.05
251;59-JC-80;1N30;2025;9;29;13;58;2025;9;29;14;4;0.06
252;50-OO-20;2F29;2025;5;9;10;27;2025;5;9;13;34;1.87
253;60-DD-39;2P11;2025;1;5;22;49;2025;1;6;0;11;9.41
254;25-WH-41;1U14;2025;3;4;10;29;2025;3;4;14;46;2.57
255;42-AU-59;2H9;2025;2;27;12;13;2025;2;27;17;28;3.15
256;82-NA-58;1X11;2025;5;10;15;38;2025;5;10;19;39;2.41
257;94-CE-40;2U24;2025;9;14;12;0;2025;9;14;13;3;0.63
258;64-BP-45;1P5;2025;8;8;8;42;2025;8;8;11;12;1.50
259;87-ND-86;2C25;2025;1;16;19;22;2025;1;16;20;36;0.74
260;42-UN-68;3D25;2025;8;8;13;1;2025;8;8;13;3;0.02
261;33-RV-82;2I21;2025;2;8;9;6;2025;2;8;13;32;2.66
262;32-YN-79;2H31;2025;11;10;21;21;2025;11;10;23;38;0.88
263;43-ON-15;3N16;2025;1;22;23;3;2025;1;23;2;31;10.04
264;66-RU-62;1Y6;2025;8;1;20;33;2025;8;1;21;42;0.69
265;54-WO-29;3A17;2025;4;2;17;32;2025;4;2;21;47;2.55
266;12-DJ-37;3U19;2025;4;28;23;10;2025;4;29;4;12;10.51
267;19-PR-68;3V26;2025;1;7;20;3;2025;1;7;20;19;0.16
268;28-JZ-20;1G6;2025;5;1;10;14;2025;5;1;10;32;0.18
269;83-DE-18;2R22;2025;3;18;9;14;2025;3;18;11;16;1.22
270;77-PZ-89;1L28;2025;8;13;9;3;2025;8;13;11;6;1.23
271;22-WA-69;2C25;2025;10;16;12;25;2025;10;16;14;46;1.41
272;40-SF-84;3B21;2025;11;15;11;16;2025;11;15;13;33;1.37
273;46-AV-99;2F15;2025;3;25;13;12;2025;3;25;18;25;3.13
274;97-QI-70;2W23;2025;12;29;9;31;2025;12;29;11;32;1.21
275;49-LA-29;1T22;2025;4;5;23;29;2025;4;5;23;30;0.01
276;73-RP-37;2Q36;2025;8;24;14;33;2025;8;24;16;41;1.28
277;43-XX-87;3Y12;2025;11;6;14;5;2025;11;6;16;9;1.24
278;28-FU-73;2U7;2025;6;2;10;59;2025;6;2;15;12;2.53
279;69-IR-85;1M13;2025;5;1;9;23;2025;5;1;13;46;2.63
280;99-ZF-58;2R10;2025;7;13;13;12;2025;7;13;15;33;1.41
281;17-OT-12;3U13;2025;2;19;16;29;2025;2;19;19;31;1.82
282;81-OO-50;3O27;2025;2;24;23;11;2025;2;25;4;26;10.58
283;85-IS-92;3S32;2025;3;3;15;9;2025;3;3;18;9;1.80
284;30-FM-90;3J24;2025;10;26;8;50;2025;10;26;10;0;0.70
285;26-VE-93;1B7;2025;12;29;15;1;2025;12;29;18;14;1.93
286;17-DG-59;2F7;2025;8;15;8;33;2025;8;15;9;49;0.76
287;50-HU-27;3W16;2025;7;24;11;49;2025;7;24;14;50;1.81
288;50-RY-87;1U12;2025;10;21;14;54;2025;10;21;19;6;2.52
289;38-RA-84;1J39;2025;4;29;10;4;2025;4;29;14;18;2.54
290;94-AG-73;3J35;2025;6;21;11;1;2025;6;21;14;27;2.06
291;99-GP-80;1W20;2025;4;29;8;11;2025;4;29;11;19;1.88
292;43-CW-42;2F30;2025;10;25;17;37;2025;10;25;19;54;1.37
293;83-CK-33;1M7;2025;11;6;15;14;2025;11;6;19;37;2.63
294;19-OX-86;3V32;2025;10;15;14;46;2025;10;15;19;14;2.68
295;22-XS-60;1O10;2025;2;16;16;36;2025;2;16;20;3;2.07
296;65-UY-73;2S25;2025;7;24;17;33;2025;7;24;22;45;2.90
297;65-RQ-43;3E7;2025;8;4;20;49;2025;8;4;23;50;1.26
298;70-DC-38;3C14;2025;11;26;18;16;2025;11;26;21;34;1.98
299;12-ME-32;3Z24;2025;1;21;15;39;2025;1;21;16;45;0.66
300;55-VQ-79;2V17;2025;3;9;8;32;2025;3;9;10;47;1.35
301;60-GL-93;1J24;2025;5;4;20;13;2025;5;5;0;19;10.77
302;64-VN-35;2B20;2025;8;10;21;36;2025;8;10;22;1;0.25
303;68-EY-14;2U7;2025;10;16;17;51;2025;10;16;18;52;0.61
304;99-UV-78;1E12;2025;8;26;14;57;2025;8;26;18;7;1.90
305;51-OG-24;2R20;2025;11;13;10;11;2025;11;13;10;25;0.14
306;93-KX-26;2O33;2025;8;1;23;2;2025;8;2;0;27;9.43
307;37-RF-81;2S39;2025;6;15;8;52;2025;6;15;10;59;1.27
308;40-TB-32;1I38;2025;2;4;22;34;2025;2;5;2;45;10.26
309;67-SF-11;2R6;2025;5;23;18;7;2025;5;23;20;9;1.22
310;46-JU-56;2H21;2025;4;21;15;32;2025;4;21;17;58;1.46
311;49-IK-40;1K9;2025;2;8;22;33;2025;2;9;1;49;9.98
312;19-LU-65;3P20;2025;6;7;13;46;2025;6;7;17;51;2.45
313;54-QO-84;2Z38;2025;10;18;18;39;2025;10;18;19;59;0.80
314;50-RK-45;2B8;2025;12;13;11;19;2025;12;13;15;47;2.68
315;36-YB-89;3V1;2025;2;17;11;22;2025;2;17;16;46;3.24
316;28-JY-49;3T25;2025;7;1;21;3;2025;7;2;0;27;10.31
317;45-OS-62;1B38;2025;12;8;10;43;2025;12;8;15;3;2.60
318;55-PZ-96;1Y22;2025;6;24;12;35;2025;6;24;16;57;2.62
319;11-CD-71;3A30;2025;6;20;12;58;2025;6;20;16;20;2.02
320;11-EK-45;1G18;2025;5;11;22;57;2025;5;12;2;59;10.21
321;39-YH-18;2O11;2025;12;18;12;19;2025;12;18;12;28;0.09
322;45-QR-46;3E36;2025;5;26;22;32;2025;5;27;1;57;10.03
323;61-LS-45;1J36;2025;11;16;15;2;2025;11;16;19;23;2.61
324;69-PG-83;2P39;2025;12;6;15;0;2025;12;6;17;2;1.22
325;69-SZ-25;2J20;2025;6;21;14;54;2025;6;21;16;9;0.75
326;23-AR-47;1X2;2025;4;5;14;26;2025;4;5;17;36;1.90
327;62-QZ-22;3J33;2025;4;7;16;17;2025;4;7;18;29;1.32
328;11-NH-42;1Z39;2025;7;27;18;29;2025;7;27;23;31;2.57
329;35-CB-66;1P3;2025;1;17;9;24;2025;1;17;13;25;2.41
330;33-QC-90;2V34;2025;2;17;16;31;2025;2;17;18;41;1.30
331;81-HA-78;2T19;2025;6;9;12;57;2025;6;9;15;9;1.32
332;90-LZ-95;1A11;2025;5;8;18;13;2025;5;8;18;42;0.29
333;30-SM-75;3P6;2025;1;26;22;56;2025;1;27;3;15;10.30
334;65-FV-41;2M32;2025;2;13;19;0;2025;2;13;23;9;2.15
335;63-LG-58;3Y18;2025;5;6;10;39;2025;5;6;11;39;0.60
336;27-DC-62;1Y2;2025;9;6;20;37;2025;9;7;0;53;10.70
337;77-JD-80;1D10;2025;7;7;8;19;2025;7;7;13;36;3.17
338;90-ZE-57;2N2;2025;10;6;19;15;2025;10;6;23;34;2.12
339;44-YY-42;3K15;2025;8;21;9;39;2025;8;21;12;3;1.44
340;64-RM-86;3D38;2025;4;8;16;20;2025;4;8;16;41;0.21
341;84-IV-74;1O16;2025;7;4;10;52;2025;7;4;11;15;0.23
342;22-GC-98;2T21;2025;3;9;13;14;2025;3;9;14;23;0.69
343;89-OU-41;3X17;2025;8;13;12;33;2025;8;13;13;50;0.77
344;67-NU-62;3E12;2025;9;24;18;46;2025;9;24;23;10;2.29
345;34-RL-21;3I2;2025;4;6;21;11;2025;4;6;21;13;0.02
346;77-VZ-78;3C26;2025;8;20;13;50;2025;8;20;15;18;0.88
347;93-ID-62;1C15;2025;2;17;10;18;2025;2;17;14;24;2.46
348;31-UA-26;1F27;2025;3;23;14;42;2025;3;23;15;54;0.72
349;93-QO-58;1P27;2025;7;1;14;48;2025;7;1;16;58;1.30
350;78-IW-39;1L8;2025;5;14;8;17;2025;5;14;8;29;0.12
351;10-VS-33;3S20;2025;4;18;11;26;2025;4;18;14;50;2.04
352;95-VY-60;1Q14;2025;3;7;16;9;2025;3;7;18;38;1.49
353;14-FF-91;3U5;2025;3;3;9;7;2025;3;3;10;17;0.70
354;52-EJ-94;2M39;2025;1;13;13;32;2025;1;13;15;53;1.41
355;84-YZ-63;2J1;2025;6;5;15;26;2025;6;5;16;38;0.72
356;54-ZQ-17;3C1;2025;2;20;18;23;2025;2;20;18;47;0.24
357;50-BW-48;2R8;2025;1;1;20;58;2025;1;1;21;23;0.25
358;86-MT-75;3E11;2025;8;22;20;43;2025;8;22;22;49;1.01
359;12-MW-25;3X4;2025;12;20;11;37;2025;12;20;14;59;2.02
360;61-KU-82;3U39;2025;10;17;12;48;2025;10;17;14;57;1.29
361;92-TR-19;2S28;2025;10;11;19;28;2025;10;11;19;32;0.04
362;79-FK-12;3K6;2025;9;23;13;58;2025;9;23;16;18;1.40
363;43-YW-93;1U24;2025;8;4;18;19;2025;8;4;19;46;0.87
364;61-DM-74;2U1;2025;12;5;10;32;2025;12;5;11;53;0.81
365;79-TI-14;1H10;2025;12;26;15;56;2025;12;26;18;10;1.34
366;54-HR-64;1X4;2025;3;5;15;20;2025;3;5;15;27;0.07
367;31-CO-55;3J6;2025;3;21;10;12;2025;3;21;13;25;1.93
368;45-XP-90;2R5;2025;3;16;14;2;2025;3;16;19;22;3.20
369;92-UD-84;3S35;2025;12;3;13;47;2025;12;3;15;13;0.86
370;10-BH-78;3X1;2025;10;18;9;20;2025;10;18;10;28;0.68
371;59-SC-83;2M21;2025;11;6;15;10;2025;11;6;16;14;0.64
372;27-BN-39;1N3;2025;9;1;21;31;2025;9;2;0;43;10.11
373;19-AY-74;3S5;2025;2;15;10;26;2025;2;15;15;41;3.15
374;88-NE-51;3H12;2025;5;7;15;54;2025;5;7;18;3;1.29
375;16-IX-68;1O10;2025;1;6;11;28;2025;1;6;12;43;0.75
376;76-DQ-70;3N21;2025;7;25;22;42;2025;7;25;22;53;0.05
377;78-FO-77;2S21;2025;12;27;22;35;2025;12;28;3;5;10.35
378;41-ME-95;3F7;2025;7;5;21;16;2025;7;6;2;34;10.81
379;26-JA-16;3S33;2025;4;6;16;22;2025;4;6;17;29;0.67
380;51-YF-13;1U22;2025;1;20;13;8;2025;1;20;15;35;1.47
381;73-UZ-87;1P14;2025;9;6;16;55;2025;9;6;19;19;1.44
382;56-CJ-83;1K38;2025;8;15;14;14;2025;8;15;18;33;2.59
383;45-JH-97;3A33;2025;6;11;19;13;2025;6;11;21;23;1.30
384;89-MW-78;3K29;2025;11;10;15;23;2025;11;10;19;50;2.67
385;55-SG-74;1O17;2025;9;22;10;13;2025;9;22;13;29;1.96
386;88-SE-65;2W29;2025;3;28;9;36;2025;3;28;12;5;1.49
387;59-PP-59;1W34;2025;10;24;11;36;2025;10;24;13;2;0.86
388;42-WS-39;1V31;2025;1;10;19;50;2025;1;10;20;4;0.14
389;53-VX-35;2Z18;2025;10;3;15;57;2025;10;3;19;9;1.92
390;62-XU-72;1C19;2025;12;26;10;4;2025;12;26;12;28;1.44
391;20-FP-22;3S7;2025;6;27;10;18;2025;6;27;11;32;0.74
392;69-QW-97;2O24;2025;4;26;17;6;2025;4;26;17;12;0.06
393;59-JM-97;3Q25;2025;11;7;11;4;2025;11;7;16;20;3.16
394;64-QH-63;1G38;2025;12;20;17;23;2025;12;20;20;30;1.87
395;44-ED-57;3Y33;2025;9;3;17;45;2025;9;3;21;51;2.46
396;59-PY-99;1U9;2025;1;18;8;32;2025;1;18;11;38;1.86
397;53-GB-65;2J40;2025;6;6;13;27;2025;6;6;18;45;3.18
398;60-SW-22;2M37;2025;12;5;22;34;2025;12;6;0;37;9.62
399;39-YS-85;2I9;2025;2;9;15;16;2025;2;9;16;34;0.78
400;35-UU-54;3O21;2025;11;25;21;54;2025;11;26;1;16;10.04
401;10-JT-55;1D30;2025;5;4;16;38;2025;5;4;19;0;1.42
402;83-YF-32;3A10;2025;1;22;17;17;2025;1;22;17;23;0.06
403;96-SY-92;1M5;2025;4;23;16;39;2025;4;23;20;3;2.04
404;31-SV-70;1X11;2025;6;5;9;7;2025;6;5;9;31;0.24
405;26-FX-84;2W37;2025;7;15;15;37;2025;7;15;19;44;2.47
406;25-BS-86;3F26;2025;4;15;13;31;2025;4;15;17;39;2.48
407;81-JM-68;3V26;2025;5;26;10;2;2025;5;26;14;17;2.55
408;18-JO-94;2I30;2025;6;1;8;24;2025;6;1;11;32;1.88
409;57-VB-74;2E4;2025;10;17;10;13;2025;10;17;13;27;1.94
410;55-RX-10;2Y7;2025;5;22;8;10;2025;5;22;9;24;0.74
411;22-MR-93;3N37;2025;4;29;10;20;2025;4;29;10;29;0.09
412;49-YH-65;2S15;2025;4;19;15;18;2025;4;19;20;47;3.29
413;11-CW-38;2T28;2025;11;26;23;23;2025;11;27;3;43;10.30
414;93-ZH-32;2P8;2025;5;14;19;25;2025;5;15;0;47;11.39
415;33-UX-26;2X1;2025;6;1;12;38;2025;6;1;13;1;0.23
416;94-TW-88;1G36;2025;5;5;16;46;2025;5;5;17;1;0.15
417;82-QO-98;3J30;2025;11;4;8;51;2025;11;4;9;53;0.62
418;19-FX-72;1A5;2025;1;29;16;30;2025;1;29;20;51;2.61
419;36-OV-98;2V17;2025;8;29;20;7;2025;8;29;20;28;0.21
420;43-QB-13;2D31;2025;8;3;20;35;2025;8;3;22;52;1.11
421;69-KP-15;1X25;2025;1;26;11;21;2025;1;26;16;26;3.05
422;47-SW-16;3F1;2025;1;6;23;2;2025;1;6;23;24;0.11
423;59-JQ-42;3S35;2025;7;17;14;31;2025;7;17;19;38;3.07
424;47-CC-55;3T13;2025;11;19;23;50;2025;11;20;4;51;10.51
425;62-EX-30;1H12;2025;1;18;14;19;2025;1;18;17;42;2.03
426;97-PV-90;1C16;2025;10;24;19;31;2025;10;25;0;47;11.33
427;87-XF-92;1P23;2025;3;8;18;27;2025;3;8;20;32;1.25
428;75-TS-63;3O1;2025;2;15;14;6;2025;2;15;16;33;1.47
429;18-HM-90;1Q23;2025;4;2;16;59;2025;4;2;17;0;0.01
430;49-BS-78;1X19;2025;7;7;10;54;2025;7;7;13;16;1.42
431;56-HB-31;3L3;2025;9;27;8;32;2025;9;27;13;40;3.08
432;55-RN-63;1U23;2025;9;17;18;33;2025;9;17;18;38;0.05
433;70-KN-78;2G21;2025;2;24;22;30;2025;2;24;22;53;0.12
434;97-MY-89;1X31;2025;10;26;13;29;2025;10;26;16;48;1.99
435;52-CW-39;3E36;2025;1;18;14;32;2025;1;18;14;44;0.12
436;72-HP-57;3N25;2025;1;18;8;30;2025;1;18;9;43;0.73
437;64-VR-43;2M12;2025;6;26;10;42;2025;6;26;11;10;0.28
438;64-YS-16;2X38;2025;2;7;11;11;2025;2;7;13;23;1.32
439;99-MX-30;3Y17;2025;6;28;14;49;2025;6;28;17;59;1.90
440;35-NQ-75;3T11;2025;6;3;13;54;2025;6;3;14;21;0.27
441;26-FT-58;3J22;2025;3;19;12;4;2025;3;19;14;22;1.38
442;13-XL-18;2Y3;2025;4;4;18;33;2025;4;4;20;51;1.38
443;58-AM-48;1Q11;2025;12;1;16;51;2025;12;1;19;8;1.37
444;79-NB-37;3M30;2025;5;15;12;24;2025;5;15;12;41;0.17
445;22-FI-51;3Y25;2025;3;26;10;20;2025;3;26;15;48;3.28
446;51-RQ-39;3K34;2025;3;10;9;30;2025;3;10;13;37;2.47
447;61-RW-98;2Q39;2025;9;4;14;56;2025;9;4;16;18;0.82
448;85-CM-90;3T28;2025;3;29;19;16;2025;3;29;19;34;0.18
449;13-KB-11;1Y8;2025;9;11;15;22;2025;9;11;17;33;1.31
450;99-HL-72;3G1;2025;2;17;10;36;2025;2;17;13;37;1.81
451;42-KU-38;3R3;2025;10;22;16;29;2025;10;22;20;32;2.43
452;43-AD-28;1S15;2025;6;26;18;34;2025;6;26;20;57;1.43
453;81-LB-40;3T5;2025;10;5;14;3;2025;10;5;19;8;3.05
454;92-XX-93;2B18;2025;9;1;9;53;2025;9;1;10;53;0.60
455;88-YL-23;2O38;2025;11;5;13;0;2025;11;5;17;17;2.57
456;16-VK-72;3C10;2025;1;18;9;20;2025;1;18;11;33;1.33
457;97-BH-31;3G6;2025;11;25;17;12;2025;11;25;17;34;0.22
458;56-FI-45;1D14;2025;5;29;10;5;2025;5;29;10;21;0.16
459;36-SH-48;3S34;2025;10;6;18;26;2025;10;6;18;55;0.29
460;67-KN-42;1P15;2025;2;26;16;58;2025;2;26;20;16;1.98
461;11-PA-14;1K33;2025;5;4;14;13;2025;5;4;16;35;1.42
462;66-OF-58;2C9;2025;1;24;15;18;2025;1;24;20;28;3.10
463;23-NC-13;3A12;2025;8;26;11;40;2025;8;26;16;59;3.19
464;40-MR-45;1O1;2025;11;23;22;14;2025;11;23;23;27;0.36
465;51-WU-33;2O39;2025;5;9;14;32;2025;5;9;17;59;2.07
466;43-DJ-38;2O14;2025;5;16;13;6;2025;5;16;15;30;1.44
467;33-RD-90;2K28;2025;11;26;13;36;2025;11;26;18;56;3.20
468;85-VX-42;1R16;2025;12;25;9;16;2025;12;25;13;28;2.52
469;21-YV-69;3E39;2025;7;9;15;49;2025;7;9;19;17;2.08
470;40-AY-67;1P12;2025;2;17;23;9;2025;2;18;0;33;9.42
471;35-DR-92;1Q21;2025;12;8;10;6;2025;12;8;15;35;3.29
472;54-PS-75;3E17;2025;7;20;20;9;2025;7;20;20;11;0.02
473;80-GQ-56;3P19;2025;8;29;8;18;2025;8;29;9;19;0.61
474;53-FV-82;1C29;2025;7;8;17;0;2025;7;8;17;22;0.22
475;84-AG-17;1A8;2025;2;5;11;3;2025;2;5;15;25;2.62
476;40-HT-61;2O4;2025;1;21;11;18;2025;1;21;11;20;0.02
477;32-YA-23;2N17;2025;8;8;22;56;2025;8;9;1;57;9.91
478;33-DC-88;1V22;2025;10;1;16;25;2025;10;1;18;50;1.45
479;85-HC-84;2I38;2025;3;9;18;42;2025;3;9;21;51;1.89
480;86-KE-35;3Z23;2025;6;9;9;5;2025;6;9;14;15;3.10
481;25-FY-34;2C31;2025;8;16;18;57;2025;8;16;23;19;2.23
482;89-PX-19;2Z24;2025;3;11;14;4;2025;3;11;19;26;3.22
483;44-MH-63;3G21;2025;8;5;14;34;2025;8;5;17;59;2.05
484;30-PP-61;3L30;2025;5;9;13;12;2025;5;9;14;16;0.64
485;33-SF-31;1F3;2025;9;2;18;23;2025;9;2;22;24;2.29
486;18-VU-38;2A25;2025;8;17;21;7;2025;8;17;23;34;1.00
487;24-CH-94;3Z31;2025;2;22;13;51;2025;2;22;17;54;2.43
488;79-OB-54;3G8;2025;3;13;11;12;2025;3;13;15;34;2.62
489;91-HB-46;1F29;2025;6;29;12;58;2025;6;29;17;2;2.44
490;37-PQ-74;1R31;2025;8;25;9;3;2025;8;25;11;25;1.42
491;51-EN-86;3Z32;2025;2;17;20;53;2025;2;18;1;19;10.67
492;90-FC-42;3F39;2025;12;8;16;48;2025;12;8;18;15;0.87
493;82-CV-56;2Q21;2025;12;19;23;55;2025;12;20;3;19;10.02
494;22-OX-30;2N34;2025;2;20;20;45;2025;2;21;1;46;10.88
495;78-IQ-40;1T37;2025;12;25;9;41;2025;12;25;11;48;1.27
496;25-VD-57;1W15;2025;2;2;20;20;2025;2;2;23;44;1.52
497;71-RB-35;2B14;2025;8;4;13;6;2025;8;4;15;16;1.30
498;88-TW-85;3H31;2025;4;4;22;24;2025;4;5;3;46;10.61
499;32-MO-96;3F33;2025;7;10;14;47;2025;7;10;18;59;2.52
500;24-CG-26;1W31;2025;10;14;20;33;2025;10;15;0;48;10.71
501;82-SR-31;1V37;2025;7;26;8;12;2025;7;26;9;32;0.80
502;60-DH-21;1S34;2025;12;3;19;8;2025;12;3;21;15;1.27
503;32-TD-75;1X1;2025;5;16;16;3;2025;5;16;18;24;1.41
504;10-UI-12;2Y29;2025;12;27;9;10;2025;12;27;11;17;1.27
505;76-EL-38;3N32;2025;5;9;18;9;2025;5;9;18;12;0.03
506;51-OQ-99;3J22;2025;6;15;18;30;2025;6;15;22;52;2.36
507;94-GR-47;2R27;2025;3;5;14;50;2025;3;5;16;59;1.29
508;45-HW-64;3J3;2025;4;1;11;52;2025;4;1;11;54;0.02
509;36-YD-49;1U24;2025;9;16;11;1;2025;9;16;15;19;2.58
510;81-YK-79;3W25;2025;10;25;22;55;2025;10;26;3;12;10.29
511;52-ZM-60;2T26;2025;4;1;17;3;2025;4;1;17;28;0.25
512;96-YJ-83;1O18;2025;8;11;18;16;2025;8;11;21;44;2.08
513;52-FH-31;3Y4;2025;10;24;18;46;2025;10;24;19;14;0.28
514;79-SX-29;2U39;2025;10;16;21;19;2025;10;16;22;24;0.53
515;87-KA-19;2D40;2025;11;21;21;59;2025;11;22;0;9;9.66
516;80-SF-62;3Z39;2025;9;21;23;4;2025;9;21;23;32;0.14
517;87-BX-20;2O18;2025;4;28;15;0;2025;4;28;18;11;1.91
518;77-BA-28;2D26;2025;9;12;23;50;2025;9;13;4;15;10.33
519;10-QB-89;2H19;2025;5;3;15;26;2025;5;3;20;54;3.28
520;52-VW-33;3I1;2025;12;27;8;46;2025;12;27;13;0;2.54
521;73-ON-65;2I15;2025;8;17;13;11;2025;8;17;16;37;2.06
522;53-QE-33;3Z16;2025;5;10;22;7;2025;5;11;2;32;10.33
523;33-DH-80;3H34;2025;2;25;14;17;2025;2;25;18;26;2.49
524;81-YK-62;3T18;2025;8;5;13;32;2025;8;5;16;1;1.49
525;38-RH-28;2A19;2025;3;11;8;0;2025;3;11;9;2;0.62
526;97-VF-89;2K30;2025;4;5;23;17;2025;4;6;3;26;10.25
527;57-AJ-38;2N16;2025;4;10;14;1;2025;4;10;15;10;0.69
528;77-WZ-43;1Z38;2025;12;4;9;11;2025;12;4;9;33;0.22
529;93-HG-47;2T22;2025;3;12;17;17;2025;3;12;21;35;2.58
530;75-VC-52;2H23;2025;8;12;12;30;2025;8;12;16;44;2.54
531;12-PK-57;1N16;2025;4;16;9;59;2025;4;16;10;5;0.06
532;97-LO-86;1V18;2025;7;29;20;22;2025;7;29;23;51;1.53
533;42-ZU-28;1S32;2025;4;15;21;57;2025;4;16;2;6;10.26
534;68-SY-66;1T24;2025;5;26;20;12;2025;5;26;21;33;0.81
535;25-MX-56;1P4;2025;11;1;20;45;2025;11;2;1;1;10.66
536;66-TP-55;3T23;2025;7;8;16;13;2025;7;8;21;38;3.25
537;51-WF-27;3U12;2025;4;28;11;39;2025;4;28;12;42;0.63
538;92-VO-10;1M3;2025;4;28;11;30;2025;4;28;15;45;2.55
539;46-WI-69;3Q10;2025;10;25;19;7;2025;10;25;22;8;1.77
540;42-QG-21;3P2;2025;7;13;23;14;2025;7;14;2;23;9.95
541;38-FS-84;2H39;2025;5;9;18;28;2025;5;9;19;33;0.65
542;56-LG-35;3D40;2025;11;13;8;43;2025;11;13;11;46;1.83
543;75-OE-56;3V39;2025;12;22;11;36;2025;12;22;16;40;3.04
544;18-RP-80;3G25;2025;8;7;19;13;2025;8;7;19;20;0.07
545;18-HK-38;2B29;2025;1;14;17;9;2025;1;14;21;36;2.67
546;76-GH-11;2G15;2025;8;23;10;7;2025;8;23;15;29;3.22
547;23-HM-26;1G37;2025;11;6;10;15;2025;11;6;11;42;0.87
548;99-ZY-93;1W26;2025;1;18;18;55;2025;1;18;19;16;0.21
549;76-EU-28;2O10;2025;1;27;23;0;2025;1;28;4;24;10.62
550;79-OP-81;2Q18;2025;3;6;22;45;2025;3;7;1;54;9.95
551;99-YY-31;2B38;2025;2;16;15;42;2025;2;16;18;1;1.39
552;18-AI-23;3D24;2025;10;11;18;15;2025;10;11;22;31;2.41
553;19-LP-22;2O21;2025;11;14;20;11;2025;11;15;1;41;11.20
554;40-PX-88;1Q32;2025;3;14;13;21;2025;3;14;18;26;3.05
555;41-LA-86;1C22;2025;7;29;11;31;2025;7;29;12;40;0.69
556;61-IM-15;1G12;2025;2;15;22;30;2025;2;16;1;41;9.96
557;76-DF-77;3J3;2025;10;25;18;35;2025;10;25;21;41;1.86
558;74-SY-27;2C35;2025;2;5;20;39;2025;2;5;20;48;0.09
559;23-CX-48;2J35;2025;7;11;14;22;2025;7;11;18;28;2.46
560;23-KD-96;1G7;2025;1;12;12;39;2025;1;12;15;40;1.81
561;28-GL-17;2Z4;2025;6;11;9;17;2025;6;11;14;34;3.17
562;42-KG-90;2B35;2025;6;2;23;33;2025;6;3;4;52;10.60
563;97-GK-22;3L24;2025;7;10;21;3;2025;7;10;23;22;0.98
564;65-ZM-93;2V26;2025;2;23;21;42;2025;2;24;0;46;10.01
565;75-PL-91;3N11;2025;8;14;8;30;2025;8;14;12;49;2.59
566;99-BJ-54;1D4;2025;4;9;16;27;2025;4;9;20;50;2.63
567;60-KA-66;1F33;2025;1;7;15;24;2025;1;7;19;35;2.51
568;80-UM-14;3U9;2025;10;22;22;6;2025;10;23;2;34;10.34
569;98-DO-80;3I20;2025;3;9;11;9;2025;3;9;13;12;1.23
570;16-WH-85;3G21;2025;6;16;12;10;2025;6;16;16;23;2.53
571;16-CY-60;1Y27;2025;3;20;12;38;2025;3;20;13;46;0.68
572;23-NV-98;2A1;2025;2;22;15;20;2025;2;22;15;40;0.20
573;50-KO-76;2Y36;2025;1;11;22;39;2025;1;11;23;2;0.12
574;99-HL-58;1G40;2025;6;14;11;59;2025;6;14;13;12;0.73
575;32-QQ-75;2P40;2025;12;23;11;12;2025;12;23;11;13;0.01
576;63-BP-50;1O39;2025;3;6;12;0;2025;3;6;14;5;1.25
577;52-JE-67;1W35;2025;11;20;22;44;2025;11;21;3;50;10.53
578;60-IO-22;3M40;2025;4;20;10;56;2025;4;20;11;24;0.28
579;40-WX-76;3P19;2025;1;12;13;9;2025;1;12;18;30;3.21
580;90-MG-27;2A4;2025;1;10;11;17;2025;1;10;14;43;2.06
581;10-MW-53;1H20;2025;1;17;10;24;2025;1;17;13;39;1.95
582;97-JD-78;2Q29;2025;10;7;20;28;2025;10;7;21;38;0.70
583;95-CZ-14;3C36;2025;5;29;8;43;2025;5;29;12;50;2.47
584;72-QU-30;2F33;2025;3;7;19;3;2025;3;7;19;4;0.01
585;35-GO-10;2J2;2025;8;6;18;32;2025;8;6;19;45;0.73
586;70-EZ-90;3N13;2025;1;23;23;39;2025;1;24;2;43;9.92
587;74-PF-35;1R26;2025;9;17;16;17;2025;9;17;21;43;3.26
588;98-AI-37;2Q27;2025;8;7;21;44;2025;8;8;1;46;10.29
589;84-RZ-77;2F27;2025;11;13;18;48;2025;11;13;21;9;1.41
590;17-AE-70;1T14;2025;5;23;19;7;2025;5;24;0;37;11.52
591;31-XM-74;3R26;2025;6;22;15;41;2025;6;22;19;51;2.50
592;16-TB-35;2P24;2025;1;19;20;52;2025;1;20;1;10;10.63
593;75-CR-64;1A40;2025;11;4;9;53;2025;11;4;13;13;2.00
594;21-SQ-57;3X32;2025;4;4;19;30;2025;4;4;21;34;1.24
595;32-VV-78;3Z14;2025;5;7;14;41;2025;5;7;16;55;1.34
596;71-NY-10;2R17;2025;11;6;9;57;2025;11;6;12;11;1.34
597;41-WN-99;2I3;2025;6;15;10;0;2025;6;15;15;25;3.25
598;89-PP-76;3M22;2025;6;2;11;44;2025;6;2;11;51;0.07
599;51-OB-46;2S9;2025;2;9;8;8;2025;2;9;9;13;0.65
600;34-KW-23;2H6;2025;1;2;14;8;2025;1;2;18;10;2.42
601;13-XH-64;1V11;2025;10;14;9;19;2025;10;14;10;23;0.64
602;19-PD-99;2B36;2025;10;11;21;42;2025;10;12;1;51;10.34
603;56-VJ-10;2E32;2025;7;10;11;50;2025;7;10;13;10;0.80
604;78-BM-42;3W18;2025;2;25;18;17;2025;2;25;22;46;2.46
605;50-VW-43;2I8;2025;10;21;23;10;2025;10;22;3;21;10.26
606;30-GN-77;1F8;2025;8;26;22;8;2025;8;26;22;16;0.04
607;19-LT-19;1V32;2025;11;11;23;56;2025;11;12;0;22;9.13
608;76-BI-55;2C21;2025;8;19;20;19;2025;8;19;21;23;0.64
609;17-JH-26;3M38;2025;4;6;22;41;2025;4;7;2;59;10.29
610;64-DU-45;3Q29;2025;5;24;20;12;2025;5;25;1;16;11.06
611;39-SJ-80;2O37;2025;9;27;22;3;2025;9;28;3;19;10.58
612;19-UG-17;1Y28;2025;12;13;17;27;2025;12;13;22;52;2.99
613;45-YV-81;1R8;2025;1;5;17;41;2025;1;5;19;7;0.86
614;75-SV-13;3J2;2025;3;14;11;20;2025;3;14;15;26;2.46
615;50-FU-70;1C18;2025;11;29;15;43;2025;11;29;16;9;0.26
616;12-ZB-74;1L22;2025;1;3;11;32;2025;1;3;16;47;3.15
617;23-HM-46;1A20;2025;1;1;2;40;2025;12;25;10;13;161.33
618;WE-32-MN;1A1;2025;12;12;12;0;2025;12;12;19;0;4.20
619;WE-32-CM;1A1;2025;12;12;12;30;2025;12;12;18;0;3.30
620;QW-34-LO;1A1;2025;12;12;12;50;2025;12;12;18;0;3.10
621;WE-18-AR;1A2;2025;12;12;12;40;2025;12;12;20;0;4.40
622;QA-45-VC;1A01;2025;12;12;12;0;2025;12;12;19;0;4.20
623;AS-76-BH;1A02;2025;12;12;12;30;2025;12;12;20;30;4.80
624;KI-48-SD;1A01;2025;12;12;11;30;2025;12;12;11;45;0.15
625;QS-36-ML;1A01;2025;12;11;12;0;2025;12;13;12;0;26.40
626;AP-78-LM;1A7;2026;1;2;23;10;2026;1;2;23;11;0.01
